Year,Lucozade_Brand_Revenue_£m,Profit_After_Tax_£m,Profit_Margin_%
2022,500,85,17.0
2023,543,95,17.495395948434624
2024,552,105,19.021739130434785
